[
  {
    "case_title": "Lal_Chand_vs_Union_Of_India_Anr_on_12_August_2009_1",
    "year": 2009,
    "court": "Supreme Court of India",
    "summary": "This article is copyrighted. The Union of India acquired land in the name of Delhi Development Authority (DDA) in the year 1961 in the following villages of Delhi: The appellants have moved the High Court against the acquisition of their land by the Delhi Development Authority ( DDA).",
    "facts_of_case": "This article is copyrighted.",
    "issues_raised": "The Union of India acquired land in the name of Delhi Development Authority (DDA) in the year 1961 in the following villages of Delhi:",
    "arguments": "The Union of India acquired land in the name of Delhi Development Authority (DDA) in the year 1961 in the following villages of Delhi:",
    "decision": "The appellants have moved the High Court against the acquisition of their land by the Delhi Development Authority ( DDA).",
    "analysis": "The Union of India acquired land in the name of Delhi Development Authority (DDA) in the year 1961 in the following villages of Delhi: The appellants have moved the High Court against the acquisition of their land by the Delhi Development Authority ( DDA)."
  },
  {
    "case_title": "Nizam_S_Institute_Of_Medical_Sciences_vs_Prasanth_S_Dhananka_Ors_on_14_May_2009",
    "year": 2009,
    "court": "Supreme Court of India",
    "summary": "The Supreme Court of India has dismissed a medical negligence case filed by a student of Engineering against the Nizam Institute of Medical Sciences in Hyderabad. The High Court of Kanoon has directed the NIIMS to pay compensation of Rs.30,34,930 to Prasanth S.Dhananka Ors on the ground of negligence on the part of the doctors who operated on him. The case relates to the case of a 16-year-old boy who was admitted to the FNAC hospital with a mass on his thorax which had been found to be a benign tumour and which had been excised by a cardiothoracic surgeon.",
    "facts_of_case": "The Supreme Court of India has dismissed a medical negligence case filed by a student of Engineering against the Nizam Institute of Medical Sciences in Hyderabad.",
    "issues_raised": "The High Court of Kanoon has directed the NIIMS to pay compensation of Rs.30,34,930 to Prasanth S.Dhananka Ors on the ground of negligence on the part of the doctors who operated on him.",
    "arguments": "The High Court of Kanoon has directed the NIIMS to pay compensation of Rs.30,34,930 to Prasanth S.Dhananka Ors on the ground of negligence on the part of the doctors who operated on him.",
    "decision": "The case relates to the case of a 16-year-old boy who was admitted to the FNAC hospital with a mass on his thorax which had been found to be a benign tumour and which had been excised by a cardiothoracic surgeon.",
    "analysis": "The High Court of Kanoon has directed the NIIMS to pay compensation of Rs.30,34,930 to Prasanth S.Dhananka Ors on the ground of negligence on the part of the doctors who operated on him. The case relates to the case of a 16-year-old boy who was admitted to the FNAC hospital with a mass on his thorax which had been found to be a benign tumour and which had been excised by a cardiothoracic surgeon."
  },
  {
    "case_title": "Union_Of_India_Anr_vs_M_M_Sarkar_on_8_December_2009_1",
    "year": 2009,
    "court": "Supreme Court of India",
    "summary": "The Supreme Court of India has ruled that a retired railway employee who opted out of the pension scheme was not entitled to a refund of his contributions. In his order dated 15.5.2004, the Chairman of the National Green Tribunal (NGT) has held that an employee who had eight occasions to come over to the pension scheme during his service period was not entitled to the benefit. The appellants challenged the order of the National Human Rights Tribunal in WP (CT) No.467/2005 on the ground that the respondent was entitled to opt for pension scheme, beyond the stipulated last date, that too twenty two years after retirement and receipt of the retirement dues under the Contributory Provident Fund Scheme.",
    "facts_of_case": "The Supreme Court of India has ruled that a retired railway employee who opted out of the pension scheme was not entitled to a refund of his contributions.",
    "issues_raised": "In his order dated 15.5.2004, the Chairman of the National Green Tribunal (NGT) has held that an employee who had eight occasions to come over to the pension scheme during his service period was not entitled to the benefit.",
    "arguments": "In his order dated 15.5.2004, the Chairman of the National Green Tribunal (NGT) has held that an employee who had eight occasions to come over to the pension scheme during his service period was not entitled to the benefit.",
    "decision": "The appellants challenged the order of the National Human Rights Tribunal in WP (CT) No.467/2005 on the ground that the respondent was entitled to opt for pension scheme, beyond the stipulated last date, that too twenty two years after retirement and receipt of the retirement dues under the Contributory Provident Fund Scheme.",
    "analysis": "In his order dated 15.5.2004, the Chairman of the National Green Tribunal (NGT) has held that an employee who had eight occasions to come over to the pension scheme during his service period was not entitled to the benefit. The appellants challenged the order of the National Human Rights Tribunal in WP (CT) No.467/2005 on the ground that the respondent was entitled to opt for pension scheme, beyond the stipulated last date, that too twenty two years after retirement and receipt of the retirement dues under the Contributory Provident Fund Scheme."
  },
  {
    "case_title": "Dalip_Singh_vs_State_Of_U_P_Ors_on_3_December_2009_1",
    "year": 2009,
    "court": "Supreme Court of India",
    "summary": "The Supreme Court of India has ruled that a litigant, who attempts to pollute the stream of justice or who pollutes the pure fountain of justice with his hands, is not entitled to any relief, interim or final. Here is a list of some of the key judgements of the High Court over the years: This is an appeal against an order of the Allahabad High Court which dismissed a petition filed by a man challenging the validity of a Ceiling on Land Holdings Act, 1960.",
    "facts_of_case": "The Supreme Court of India has ruled that a litigant, who attempts to pollute the stream of justice or who pollutes the pure fountain of justice with his hands, is not entitled to any relief, interim or final.",
    "issues_raised": "Here is a list of some of the key judgements of the High Court over the years:",
    "arguments": "Here is a list of some of the key judgements of the High Court over the years:",
    "decision": "This is an appeal against an order of the Allahabad High Court which dismissed a petition filed by a man challenging the validity of a Ceiling on Land Holdings Act, 1960.",
    "analysis": "Here is a list of some of the key judgements of the High Court over the years: This is an appeal against an order of the Allahabad High Court which dismissed a petition filed by a man challenging the validity of a Ceiling on Land Holdings Act, 1960."
  },
  {
    "case_title": "Jugesh_Sehgal_vs_Shamsher_Singh_Gogi_on_10_July_2009_1",
    "year": 2009,
    "court": "Supreme Court of India",
    "summary": "Appeal by Shamsher Singh Gogi against the impugned judgment and order of the High Court of Punjab & Haryana at Chandigarh in Criminal Miscellaneous No. Here is the copy of the complaint filed in this case: Section 138 of the Indian Penal Code (IPC) deals with the offence of \"drawing a cheque on an account maintained by him in a bank for payment of a certain amount of money to another person from out of that account.\"",
    "facts_of_case": "Appeal by Shamsher Singh Gogi against the impugned judgment and order of the High Court of Punjab & Haryana at Chandigarh in Criminal Miscellaneous No.",
    "issues_raised": "Here is the copy of the complaint filed in this case:",
    "arguments": "Here is the copy of the complaint filed in this case:",
    "decision": "Section 138 of the Indian Penal Code (IPC) deals with the offence of \"drawing a cheque on an account maintained by him in a bank for payment of a certain amount of money to another person from out of that account.\"",
    "analysis": "Here is the copy of the complaint filed in this case: Section 138 of the Indian Penal Code (IPC) deals with the offence of \"drawing a cheque on an account maintained by him in a bank for payment of a certain amount of money to another person from out of that account.\""
  },
  {
    "case_title": "Commr_Of_Income_Tax_vs_M_S_Alom_Extructions_Limited_on_25_November_2009_1",
    "year": 2009,
    "court": "Supreme Court of India",
    "summary": "Citations: Two provisos to Section 43-B of the Income Tax Act, 1988, vide Finance Act, 2003, were deleted and certain changes were also made in the first proviso by which uniformity was brought about between payment of fees, taxes, cess, etc., on one hand and contribution made to Employees' Provident Fund, etc., on the other. In the case of M/S Alom Extructions Limited, the assessee claimed deduction under Section 43-B of the Finance Act, 1988, for the contribution made by him to the labour welfare funds.",
    "facts_of_case": "Citations:",
    "issues_raised": "Two provisos to Section 43-B of the Income Tax Act, 1988, vide Finance Act, 2003, were deleted and certain changes were also made in the first proviso by which uniformity was brought about between payment of fees, taxes, cess, etc., on one hand and contribution made to Employees' Provident Fund, etc., on the other.",
    "arguments": "Two provisos to Section 43-B of the Income Tax Act, 1988, vide Finance Act, 2003, were deleted and certain changes were also made in the first proviso by which uniformity was brought about between payment of fees, taxes, cess, etc., on one hand and contribution made to Employees' Provident Fund, etc., on the other.",
    "decision": "In the case of M/S Alom Extructions Limited, the assessee claimed deduction under Section 43-B of the Finance Act, 1988, for the contribution made by him to the labour welfare funds.",
    "analysis": "Two provisos to Section 43-B of the Income Tax Act, 1988, vide Finance Act, 2003, were deleted and certain changes were also made in the first proviso by which uniformity was brought about between payment of fees, taxes, cess, etc., on one hand and contribution made to Employees' Provident Fund, etc., on the other. In the case of M/S Alom Extructions Limited, the assessee claimed deduction under Section 43-B of the Finance Act, 1988, for the contribution made by him to the labour welfare funds."
  },
  {
    "case_title": "Maharashtra_State_Road_Trans_Corp_vs_Casteribe_Rajya_P_Karmchari_on_28_August_2009_1",
    "year": 2009,
    "court": "Supreme Court of India",
    "summary": "The Supreme Court of India has taken up for hearing a group of five civil appeals by special leave, petitions filed by the Maharashtra State Road Transport Corporation against an order of the Industrial Court, Bombay, giving status, wages and all other benefits of permanency, applicable to the post of Cleaners to the complainants. Principally, two questions which this Court is called upon to determine in this group of five civil appeals by special leave are: (one) : Whether a direction to the Maharashtra State Road Transport Corporation (for short, \"Corporation\"), by the Industrial Court, and confirmed by the High Court of giving status, wages and all other benefits of permanency, applicable to the post of Cleaners to the complainants is justified? The following is a chronology of events: A Division Bench of the Supreme Court of India headed by Justice Ranjan Gogoi heard the appeal of the Maharashtra State Road Transport Corporation (MSRTC) against the order of the Bombay High Court declaring the strike of its employees as illegal.",
    "facts_of_case": "The Supreme Court of India has taken up for hearing a group of five civil appeals by special leave, petitions filed by the Maharashtra State Road Transport Corporation against an order of the Industrial Court, Bombay, giving status, wages and all other benefits of permanency, applicable to the post of Cleaners to the complainants. Principally, two questions which this Court is called upon to deter",
    "issues_raised": "The following is a chronology of events:",
    "arguments": "The following is a chronology of events:",
    "decision": "A Division Bench of the Supreme Court of India headed by Justice Ranjan Gogoi heard the appeal of the Maharashtra State Road Transport Corporation (MSRTC) against the order of the Bombay High Court declaring the strike of its employees as illegal.",
    "analysis": "The following is a chronology of events: A Division Bench of the Supreme Court of India headed by Justice Ranjan Gogoi heard the appeal of the Maharashtra State Road Transport Corporation (MSRTC) against the order of the Bombay High Court declaring the strike of its employees as illegal."
  },
  {
    "case_title": "State_Of_Rajasthan_Ors_vs_Jagdish_Narain_Chaturvedi_on_8_May_2009_1",
    "year": 2009,
    "court": "Supreme Court of India",
    "summary": "Citations: The following is a list of appeals heard by the Supreme Court of the Republic of Ireland. Here is the full list of appeals heard by the Court of Appeal in Belfast.",
    "facts_of_case": "Citations:",
    "issues_raised": "The following is a list of appeals heard by the Supreme Court of the Republic of Ireland.",
    "arguments": "The following is a list of appeals heard by the Supreme Court of the Republic of Ireland.",
    "decision": "Here is the full list of appeals heard by the Court of Appeal in Belfast.",
    "analysis": "The following is a list of appeals heard by the Supreme Court of the Republic of Ireland. Here is the full list of appeals heard by the Court of Appeal in Belfast."
  },
  {
    "case_title": "Jagbir_Singh_vs_Haryana_State_Agr_Marketing_Board_Anr_on_14_July_2009_1",
    "year": 2009,
    "court": "Supreme Court of India",
    "summary": "Key words: Section 25F of Industrial Disputes Act, 1947 The Supreme Court of India has held that full back wages should not be automatically paid to employees who have been retrenched. The Supreme Court of India, in a series of decisions, has opined on the question of whether the Labour Court was justified in awarding reinstatement of the appellants in service.",
    "facts_of_case": "Key words: Section 25F of Industrial Disputes Act, 1947",
    "issues_raised": "The Supreme Court of India has held that full back wages should not be automatically paid to employees who have been retrenched.",
    "arguments": "The Supreme Court of India has held that full back wages should not be automatically paid to employees who have been retrenched.",
    "decision": "The Supreme Court of India, in a series of decisions, has opined on the question of whether the Labour Court was justified in awarding reinstatement of the appellants in service.",
    "analysis": "The Supreme Court of India has held that full back wages should not be automatically paid to employees who have been retrenched. The Supreme Court of India, in a series of decisions, has opined on the question of whether the Labour Court was justified in awarding reinstatement of the appellants in service."
  },
  {
    "case_title": "Satwant_Kaur_Sandhu_vs_New_India_Assurance_Company_Ltd_on_10_July_2009_1",
    "year": 2009,
    "court": "Supreme Court of India",
    "summary": "Appeal by Satwant Kaur Sandhu against the judgment and order passed by the National Consumer Disputes Redressal Commission in Petition No.322 of whereby the Commission has the order passed by the State Commission for compensation on account of deficiency in service for not processing her claim under a mediclaim policy. The State Commission for Insurance has set aside the order of the District Forum, Chennai, directing the respondent to pay the claim of appellant with interest at 12% per annum from 1st April, 1991 i.e., 3 months after the death of the insured. In this appeal, appellant has challenged the National Commission's decision to dismiss his mediclaim claim on the ground that he had not undergone any treatment in the last 12 years.",
    "facts_of_case": "Appeal by Satwant Kaur Sandhu against the judgment and order passed by the National Consumer Disputes Redressal Commission in Petition No.322 of whereby the Commission has the order passed by the State Commission for compensation on account of deficiency in service for not processing her claim under a mediclaim policy.",
    "issues_raised": "The State Commission for Insurance has set aside the order of the District Forum, Chennai, directing the respondent to pay the claim of appellant with interest at 12% per annum from 1st April, 1991 i.e., 3 months after the death of the insured.",
    "arguments": "The State Commission for Insurance has set aside the order of the District Forum, Chennai, directing the respondent to pay the claim of appellant with interest at 12% per annum from 1st April, 1991 i.e., 3 months after the death of the insured.",
    "decision": "In this appeal, appellant has challenged the National Commission's decision to dismiss his mediclaim claim on the ground that he had not undergone any treatment in the last 12 years.",
    "analysis": "The State Commission for Insurance has set aside the order of the District Forum, Chennai, directing the respondent to pay the claim of appellant with interest at 12% per annum from 1st April, 1991 i.e., 3 months after the death of the insured. In this appeal, appellant has challenged the National Commission's decision to dismiss his mediclaim claim on the ground that he had not undergone any treatment in the last 12 years."
  },
  {
    "case_title": "Commr_Of_Income_Tax_New_Delhi_vs_M_S_Eli_Lilly_Company_India_P_Ltd_on_25_March_2009_1",
    "year": 2009,
    "court": "Supreme Court of India",
    "summary": "The Income-tax commissioner of the Indian capital city, New Delhi, has filed an appeal in the Supreme Court against a lower court's decision to cancel the registration of Eli Lilly's subsidiary, M/S Eli Lilly & Company (India). This case pertains to an appeal by a foreign company against an order of an assistant officer (AO) of the Income-tax Department, New Delhi, holding that a foreign company was not an \"assessee-in-default\" under Section 201(1) of the Income-tax Act, 1961. Section 192(1) of the Income Tax Act, 1961 provides: \"Any person, who is responsible for making salary payment to an assessee-employee, whether the employee is in India or outside India, or whether the payment is made in India or outside India, is not limited to a person, who is under an obligation to deduct tax at source.\"",
    "facts_of_case": "The Income-tax commissioner of the Indian capital city, New Delhi, has filed an appeal in the Supreme Court against a lower court's decision to cancel the registration of Eli Lilly's subsidiary, M/S Eli Lilly & Company (India).",
    "issues_raised": "This case pertains to an appeal by a foreign company against an order of an assistant officer (AO) of the Income-tax Department, New Delhi, holding that a foreign company was not an \"assessee-in-default\" under Section 201(1) of the Income-tax Act, 1961.",
    "arguments": "This case pertains to an appeal by a foreign company against an order of an assistant officer (AO) of the Income-tax Department, New Delhi, holding that a foreign company was not an \"assessee-in-default\" under Section 201(1) of the Income-tax Act, 1961.",
    "decision": "Section 192(1) of the Income Tax Act, 1961 provides: \"Any person, who is responsible for making salary payment to an assessee-employee, whether the employee is in India or outside India, or whether the payment is made in India or outside India, is not limited to a person, who is under an obligation to deduct tax at source.\"",
    "analysis": "This case pertains to an appeal by a foreign company against an order of an assistant officer (AO) of the Income-tax Department, New Delhi, holding that a foreign company was not an \"assessee-in-default\" under Section 201(1) of the Income-tax Act, 1961. Section 192(1) of the Income Tax Act, 1961 provides: \"Any person, who is responsible for making salary payment to an assessee-employee, whether the employee is in India or outside India, or whether the payment is made in India or outside India, is not limited to a person, who is under an obligation to deduct tax at source.\""
  },
  {
    "case_title": "State_Bank_Of_India_vs_M_S_B_S_Agricultural_Industries_I_on_20_March_2009_1",
    "year": 2009,
    "court": "Supreme Court of India",
    "summary": "Appeal by special leave to the National Commission for Redressal of Consumer Disputes, Uttar Pradesh, Uttar Pradesh (hereinafter referred to as National Commission') on October 1, 2001 is under challenge. The case is as follows: Section 24A of the Consumer Protection Act, 1986 expressly casts a duty on the Commission admitting a complaint, to dismiss a complaint unless the complainant satisfies the District Forum, the State Commission or the National Commission, as the case may be, that the complainant had sufficient cause for not filing the complaint within the period of two years from the date on which the cause of action had arisen.",
    "facts_of_case": "Appeal by special leave to the National Commission for Redressal of Consumer Disputes, Uttar Pradesh, Uttar Pradesh (hereinafter referred to as National Commission') on October 1, 2001 is under challenge.",
    "issues_raised": "The case is as follows:",
    "arguments": "The case is as follows:",
    "decision": "Section 24A of the Consumer Protection Act, 1986 expressly casts a duty on the Commission admitting a complaint, to dismiss a complaint unless the complainant satisfies the District Forum, the State Commission or the National Commission, as the case may be, that the complainant had sufficient cause for not filing the complaint within the period of two years from the date on which the cause of acti",
    "analysis": "The case is as follows: Section 24A of the Consumer Protection Act, 1986 expressly casts a duty on the Commission admitting a complaint, to dismiss a complaint unless the complainant satisfies the District Forum, the State Commission or the National Commission, as the case may be, that the complainant had sufficient cause for not filing the complaint within the period of two years from the date on which the cause of action had arisen."
  },
  {
    "case_title": "Bimla_Devi_Ors_vs_Himachal_Road_Transport_Corpn_Ors_on_15_April_2009_1",
    "year": 2009,
    "court": "Supreme Court of India",
    "summary": "The appellants have moved the Supreme Court against a judgment and order passed by the High Court of Himachal Pradesh, Shimla in FAO No.127 of 1999 and whereunder an appeal preferred against a judgment and award dated 28.10.1998 passed by the Motor Claims Tribunal-II (I), Nahan. The facts of the case are as follows: In our opinion, the facts and circumstances of the case do not support the finding of the High Court that the police might have been involved in the accident.",
    "facts_of_case": "The appellants have moved the Supreme Court against a judgment and order passed by the High Court of Himachal Pradesh, Shimla in FAO No.127 of 1999 and whereunder an appeal preferred against a judgment and award dated 28.10.1998 passed by the Motor Claims Tribunal-II (I), Nahan.",
    "issues_raised": "The facts of the case are as follows:",
    "arguments": "The facts of the case are as follows:",
    "decision": "In our opinion, the facts and circumstances of the case do not support the finding of the High Court that the police might have been involved in the accident.",
    "analysis": "The facts of the case are as follows: In our opinion, the facts and circumstances of the case do not support the finding of the High Court that the police might have been involved in the accident."
  },
  {
    "case_title": "M_S_Revajeetu_Builders_Developers_vs_M_S_Narayanaswamy_Sons_Ors_on_9_October_2009_1",
    "year": 2009,
    "court": "Supreme Court of India",
    "summary": "Citations: The appellant sought to add the following prayers in the plaint by an amendment in the plaint:- (a) to declare that from 1.4.1988, the defendants are trespassers and or in unauthorized occupation of the building which they were permitted, under the Sale Deed dated 30.9.1987 to use as a licensee till 31.3.1988; (b) to issue a mandatory injunction directing the defendants to vacate and deliver to the plaintiff, vacant and peaceful possession of the building within 30 days; and (c) to issue a permanent injunction restraining the defendants or any of them, or their agents, representatives, servants or any other persons, from occupying the plaintiff, vacant and peaceful possession of the building within 30 days. The High Court has set aside the order of the trial court which allowed the amendment under Order VI Rule 17 CPC.",
    "facts_of_case": "Citations:",
    "issues_raised": "The appellant sought to add the following prayers in the plaint by an amendment in the plaint:- (a) to declare that from 1.4.1988, the defendants are trespassers and or in unauthorized occupation of the building which they were permitted, under the Sale Deed dated 30.9.1987 to use as a licensee till 31.3.1988; (b) to issue a mandatory injunction directing the defendants to vacate and deliver to th",
    "arguments": "The appellant sought to add the following prayers in the plaint by an amendment in the plaint:- (a) to declare that from 1.4.1988, the defendants are trespassers and or in unauthorized occupation of the building which they were permitted, under the Sale Deed dated 30.9.1987 to use as a licensee till 31.3.1988; (b) to issue a mandatory injunction directing the defendants to vacate and deliver to th",
    "decision": "The High Court has set aside the order of the trial court which allowed the amendment under Order VI Rule 17 CPC.",
    "analysis": "The appellant sought to add the following prayers in the plaint by an amendment in the plaint:- (a) to declare that from 1.4.1988, the defendants are trespassers and or in unauthorized occupation of the building which they were permitted, under the Sale Deed dated 30.9.1987 to use as a licensee till 31.3.1988; (b) to issue a mandatory injunction directing the defendants to vacate and deliver to the plaintiff, vacant and peaceful possession of the building within 30 days; and (c) to issue a permanent injunction restraining the defendants or any of them, or their agents, representatives, servants or any other persons, from occupying the plaintiff, vacant and peaceful possession of the building within 30 days. The High Court has set aside the order of the trial court which allowed the amendme"
  },
  {
    "case_title": "M_S_Liberty_India_vs_Commr_Of_Income_Tax_Karnal_on_31_August_2009_1",
    "year": 2009,
    "court": "Supreme Court of India",
    "summary": "Citations: Section 80-IB of the Income Tax Act, 1961 provides for deduction of tax on the amount received by an assessee on account of duty drawback or DEPB. The appellant(s) contended that payment of excise duty/customs duty on inputs consumed in manufacture of goods by an industrial undertaking eligible for deduction under Section 80-IB, was inextricably linked to the manufacturing operations of the eligible undertaking without which manufacturing operations cannot be undertaken, hence the duty, which was paid in the first instance and which had first degree nexus with the manufacturing activity when received back, had first degree nexus with the industrial activity of the eligible undertaking and consequently the reimbursement of the said amount cannot be treated as income of the assessee(s) dehors the expense originally incurred by way of payment of duty.",
    "facts_of_case": "Citations:",
    "issues_raised": "Section 80-IB of the Income Tax Act, 1961 provides for deduction of tax on the amount received by an assessee on account of duty drawback or DEPB.",
    "arguments": "Section 80-IB of the Income Tax Act, 1961 provides for deduction of tax on the amount received by an assessee on account of duty drawback or DEPB.",
    "decision": "The appellant(s) contended that payment of excise duty/customs duty on inputs consumed in manufacture of goods by an industrial undertaking eligible for deduction under Section 80-IB, was inextricably linked to the manufacturing operations of the eligible undertaking without which manufacturing operations cannot be undertaken, hence the duty, which was paid in the first instance and which had firs",
    "analysis": "Section 80-IB of the Income Tax Act, 1961 provides for deduction of tax on the amount received by an assessee on account of duty drawback or DEPB. The appellant(s) contended that payment of excise duty/customs duty on inputs consumed in manufacture of goods by an industrial undertaking eligible for deduction under Section 80-IB, was inextricably linked to the manufacturing operations of the eligible undertaking without which manufacturing operations cannot be undertaken, hence the duty, which was paid in the first instance and which had first degree nexus with the manufacturing activity when received back, had first degree nexus with the industrial activity of the eligible undertaking and consequently the reimbursement of the said amount cannot be treated as income of the assessee(s) dehor"
  },
  {
    "case_title": "M_N_Ojha_Ors_vs_Alok_Kumar_Srivastav_Anr_on_21_August_2009_1",
    "year": 2009,
    "court": "Supreme Court of India",
    "summary": "Key findings: Here is a chronology of events: The appellants are the first appellants in a criminal case filed by the police against them for cheating and misappropriation of hypothecated goods.",
    "facts_of_case": "Key findings:",
    "issues_raised": "Here is a chronology of events:",
    "arguments": "Here is a chronology of events:",
    "decision": "The appellants are the first appellants in a criminal case filed by the police against them for cheating and misappropriation of hypothecated goods.",
    "analysis": "Here is a chronology of events: The appellants are the first appellants in a criminal case filed by the police against them for cheating and misappropriation of hypothecated goods."
  },
  {
    "case_title": "Sarla_Verma_Ors_vs_Delhi_Transport_Corp_Anr_on_15_April_2009_1",
    "year": 2009,
    "court": "Supreme Court of India",
    "summary": "The Supreme Court of India is the highest court in the country. The appellants have filed an appeal against the order of the Delhi High Court which had disposed of their claim for compensation for the death of their father. The Nance and Davies methods are used in fatal accident cases in India.",
    "facts_of_case": "The Supreme Court of India is the highest court in the country.",
    "issues_raised": "The appellants have filed an appeal against the order of the Delhi High Court which had disposed of their claim for compensation for the death of their father.",
    "arguments": "The appellants have filed an appeal against the order of the Delhi High Court which had disposed of their claim for compensation for the death of their father.",
    "decision": "The Nance and Davies methods are used in fatal accident cases in India.",
    "analysis": "The appellants have filed an appeal against the order of the Delhi High Court which had disposed of their claim for compensation for the death of their father. The Nance and Davies methods are used in fatal accident cases in India."
  },
  {
    "case_title": "R_K_Malik_Anr_vs_Kiran_Pal_Ors_on_15_May_2009_1",
    "year": 2009,
    "court": "Supreme Court of India",
    "summary": "Appeal by appellants R.K. Malik & Anr vs Kiran Pal & Ors on 15 May, 2009 AIR 2009 SUPREME 2506, 2009 (14), 1, 2009 AIR SCW 4381, (2009) 4 ALLMR 978 (SC), (2009) 3 JCR 72 (SC), 2010 (1) SCC (CRI) 1265, 2009 (4) ALL MR 978, 2009 (8) SCC 451, (2009) 3 RECCIVR 403, (2009) 3 MAD LW 150, (2009) 2 ACC 705, (2009) 3 ACJ 1924, (2009) 5 LJ 765, (2009) 43 OCR 933, (2009) 3 PUN LR 35, (2009) 3 MAD 1, (2009) 8 451, (2009) 4 ALL WC 3347 Author: Mukundakam Sharma Bench: Mukundakam Sharma, S.B. Sinha In the case of Kailash Rathi, compensation of Rs. 1, 05, was awarded and in the cases of Neena Jain and Jatish Sharma, compensation of Rs. The Compensation Act, 1956 provides for payment of compensation to the dependents of a person who dies as a result of an accident.",
    "facts_of_case": "Appeal by appellants R.K. Malik & Anr vs Kiran Pal & Ors on 15 May, 2009 AIR 2009 SUPREME 2506, 2009 (14), 1, 2009 AIR SCW 4381, (2009) 4 ALLMR 978 (SC), (2009) 3 JCR 72 (SC), 2010 (1) SCC (CRI) 1265, 2009 (4) ALL MR 978, 2009 (8) SCC 451, (2009) 3 RECCIVR 403, (2009) 3 MAD LW 150, (2009) 2 ACC 705, (2009) 3 ACJ 1924, (2009) 5 LJ 765, (2009) 43 OCR 933, (2009) 3 PUN LR 35, (2009) 3 MAD 1, (2009) 8",
    "issues_raised": "In the case of Kailash Rathi, compensation of Rs. 1, 05, was awarded and in the cases of Neena Jain and Jatish Sharma, compensation of Rs.",
    "arguments": "In the case of Kailash Rathi, compensation of Rs. 1, 05, was awarded and in the cases of Neena Jain and Jatish Sharma, compensation of Rs.",
    "decision": "The Compensation Act, 1956 provides for payment of compensation to the dependents of a person who dies as a result of an accident.",
    "analysis": "In the case of Kailash Rathi, compensation of Rs. 1, 05, was awarded and in the cases of Neena Jain and Jatish Sharma, compensation of Rs. The Compensation Act, 1956 provides for payment of compensation to the dependents of a person who dies as a result of an accident."
  },
  {
    "case_title": "Hari_Ram_vs_State_Of_Rajasthan_Anr_on_5_May_2009_1",
    "year": 2009,
    "court": "Supreme Court of India",
    "summary": "The appellant, Hari Ram, has moved the Supreme Court challenging the common order of the Rajasthan High Court declaring him to be a juvenile and directing that he be tried by the Juvenile Justice Board. A Bench of the Supreme Court of India comprising Justices GS Singhvi and VS Sirpurkar: This is an appeal against the order of the High Court, Delhi, in favour of the appellant in a case of rape which was recorded on 5 May, 2009 and referred to the Additional Sessions Judge, Didwana, for correction of the order of the High Court, Delhi, in favour of the appellant in a case of rape recorded on 5 May, 2009 and referred to the Additional Sessions Judge, Didwana, for correction of the order of the High Court, Delhi, in favour of the appellant in a case of rape recorded on 5 May, 2009",
    "facts_of_case": "The appellant, Hari Ram, has moved the Supreme Court challenging the common order of the Rajasthan High Court declaring him to be a juvenile and directing that he be tried by the Juvenile Justice Board.",
    "issues_raised": "A Bench of the Supreme Court of India comprising Justices GS Singhvi and VS Sirpurkar:",
    "arguments": "A Bench of the Supreme Court of India comprising Justices GS Singhvi and VS Sirpurkar:",
    "decision": "This is an appeal against the order of the High Court, Delhi, in favour of the appellant in a case of rape which was recorded on 5 May, 2009 and referred to the Additional Sessions Judge, Didwana, for correction of the order of the High Court, Delhi, in favour of the appellant in a case of rape recorded on 5 May, 2009 and referred to the Additional Sessions Judge, Didwana, for correction of the or",
    "analysis": "A Bench of the Supreme Court of India comprising Justices GS Singhvi and VS Sirpurkar: This is an appeal against the order of the High Court, Delhi, in favour of the appellant in a case of rape which was recorded on 5 May, 2009 and referred to the Additional Sessions Judge, Didwana, for correction of the order of the High Court, Delhi, in favour of the appellant in a case of rape recorded on 5 May, 2009 and referred to the Additional Sessions Judge, Didwana, for correction of the order of the High Court, Delhi, in favour of the appellant in a case of rape recorded on 5 May, 2009"
  },
  {
    "case_title": "Jagdish_vs_State_Of_M_P_on_18_September_2009_1",
    "year": 2009,
    "court": "Supreme Court of India",
    "summary": "The appellant Jagdish was convicted and sentenced to death by the Additional Sessions Judge, Manasa for murdering his wife, four minor daughters and a minor son all between 1 and 16 years of age. The appellant was convicted and sentenced to death by the Sessions Court for the murder of his wife and two children. Appeal by Nathu Ram, sentenced to death by a Madhya Pradesh court for the murder of his parents and two siblings, challenging his conviction and sentence.",
    "facts_of_case": "The appellant Jagdish was convicted and sentenced to death by the Additional Sessions Judge, Manasa for murdering his wife, four minor daughters and a minor son all between 1 and 16 years of age.",
    "issues_raised": "The appellant was convicted and sentenced to death by the Sessions Court for the murder of his wife and two children.",
    "arguments": "The appellant was convicted and sentenced to death by the Sessions Court for the murder of his wife and two children.",
    "decision": "Appeal by Nathu Ram, sentenced to death by a Madhya Pradesh court for the murder of his parents and two siblings, challenging his conviction and sentence.",
    "analysis": "The appellant was convicted and sentenced to death by the Sessions Court for the murder of his wife and two children. Appeal by Nathu Ram, sentenced to death by a Madhya Pradesh court for the murder of his parents and two siblings, challenging his conviction and sentence."
  },
  {
    "case_title": "Ningamma_Anr_vs_United_India_Insurance_Co_Ltd_on_13_May_2009_1",
    "year": 2009,
    "court": "Supreme Court of India",
    "summary": "The judgments of the Supreme Court of India are available at: The following is a chronology of events: The Motor Vehicles Act, 2006 (MVA) provides for compensation in case of death or permanent disablement due to accident arising out of the use of motor vehicle.",
    "facts_of_case": "The judgments of the Supreme Court of India are available at:",
    "issues_raised": "The following is a chronology of events:",
    "arguments": "The following is a chronology of events:",
    "decision": "The Motor Vehicles Act, 2006 (MVA) provides for compensation in case of death or permanent disablement due to accident arising out of the use of motor vehicle.",
    "analysis": "The following is a chronology of events: The Motor Vehicles Act, 2006 (MVA) provides for compensation in case of death or permanent disablement due to accident arising out of the use of motor vehicle."
  },
  {
    "case_title": "Lal_Kamlendra_Pratap_Singh_vs_State_Of_U_P_Ors_on_23_March_2009_1",
    "year": 2009,
    "court": "Supreme Court of India",
    "summary": "The Supreme Court of India has ruled in the following cases: The appellant in this case, Kamlendra Pratap Singh, is hereby granted interim bail, pending the filing of an application for bail by him before the trial Court in the case at hand.",
    "facts_of_case": "The Supreme Court of India has ruled in the following cases:",
    "issues_raised": "The appellant in this case, Kamlendra Pratap Singh, is hereby granted interim bail, pending the filing of an application for bail by him before the trial Court in the case at hand.",
    "arguments": "The appellant in this case, Kamlendra Pratap Singh, is hereby granted interim bail, pending the filing of an application for bail by him before the trial Court in the case at hand.",
    "decision": "The appellant in this case, Kamlendra Pratap Singh, is hereby granted interim bail, pending the filing of an application for bail by him before the trial Court in the case at hand.",
    "analysis": "The Supreme Court of India has ruled in the following cases: The appellant in this case, Kamlendra Pratap Singh, is hereby granted interim bail, pending the filing of an application for bail by him before the trial Court in the case at hand."
  },
  {
    "case_title": "State_Of_Bihar_vs_Upendra_Narayan_Singh_Ors_on_20_March_2009_1",
    "year": 2009,
    "court": "Supreme Court of India",
    "summary": "A bench of Justices G.S. Singhvi and Markandey Katju has held that the ban imposed by the State Government on making ad hoc appointments in different departments was relaxed qua Animal Husbandry Department. The High Court of Bihar has set aside the orders of the competent authority terminating the services of Sri Upendra Narayan Singh Class IV S/o Sri Awdhesh Singh Vill + P.O. Kundat Aurangabad Sd/- Regional Director Animal Husbandry Magadh Range, Gaya Memo no 1467 (CON) Dated 09.10.1991State Of Bihar vs Upendra Narayan Singh & Ors on 20 March, 2009 Indian Kanoon - http://indiankanoon.org/doc/591273/ A Division Bench of the High Court of Bihar, headed by Chief Justice Manjula Chellur, while disposing of a Special Leave Petition filed by the Animal Husbandry Department of the State of Bihar, directed the concerned authority to reinstate the respondents who were sacked for being ad hoc appointees.",
    "facts_of_case": "A bench of Justices G.S. Singhvi and Markandey Katju has held that the ban imposed by the State Government on making ad hoc appointments in different departments was relaxed qua Animal Husbandry Department.",
    "issues_raised": "The High Court of Bihar has set aside the orders of the competent authority terminating the services of Sri Upendra Narayan Singh Class IV S/o Sri Awdhesh Singh Vill + P.O. Kundat Aurangabad Sd/- Regional Director Animal Husbandry Magadh Range, Gaya Memo no 1467 (CON) Dated 09.10.1991State Of Bihar vs Upendra Narayan Singh & Ors on 20 March, 2009 Indian Kanoon - http://indiankanoon.org/doc/591273/",
    "arguments": "The High Court of Bihar has set aside the orders of the competent authority terminating the services of Sri Upendra Narayan Singh Class IV S/o Sri Awdhesh Singh Vill + P.O. Kundat Aurangabad Sd/- Regional Director Animal Husbandry Magadh Range, Gaya Memo no 1467 (CON) Dated 09.10.1991State Of Bihar vs Upendra Narayan Singh & Ors on 20 March, 2009 Indian Kanoon - http://indiankanoon.org/doc/591273/",
    "decision": "A Division Bench of the High Court of Bihar, headed by Chief Justice Manjula Chellur, while disposing of a Special Leave Petition filed by the Animal Husbandry Department of the State of Bihar, directed the concerned authority to reinstate the respondents who were sacked for being ad hoc appointees.",
    "analysis": "The High Court of Bihar has set aside the orders of the competent authority terminating the services of Sri Upendra Narayan Singh Class IV S/o Sri Awdhesh Singh Vill + P.O. Kundat Aurangabad Sd/- Regional Director Animal Husbandry Magadh Range, Gaya Memo no 1467 (CON) Dated 09.10.1991State Of Bihar vs Upendra Narayan Singh & Ors on 20 March, 2009 Indian Kanoon - http://indiankanoon.org/doc/591273/ A Division Bench of the High Court of Bihar, headed by Chief Justice Manjula Chellur, while disposing of a Special Leave Petition filed by the Animal Husbandry Department of the State of Bihar, directed the concerned authority to reinstate the respondents who were sacked for being ad hoc appointees."
  },
  {
    "case_title": "U_O_I_vs_Bal_Mukund_Ors_on_31_March_2009_1",
    "year": 2009,
    "court": "Supreme Court of India",
    "summary": "The Union of India has moved the Supreme Court challenging a Madhya Pradesh High Court ruling convicting it in an Opium smuggling case. Here is a chronology of events: The appellant, Bal Mukund and Ors, appeals against the verdict of the learned Special Judge, who had convicted them under the Narcotic Drugs and Psychotropic Substances Act and sentenced them to life imprisonment.",
    "facts_of_case": "The Union of India has moved the Supreme Court challenging a Madhya Pradesh High Court ruling convicting it in an Opium smuggling case.",
    "issues_raised": "Here is a chronology of events:",
    "arguments": "Here is a chronology of events:",
    "decision": "The appellant, Bal Mukund and Ors, appeals against the verdict of the learned Special Judge, who had convicted them under the Narcotic Drugs and Psychotropic Substances Act and sentenced them to life imprisonment.",
    "analysis": "Here is a chronology of events: The appellant, Bal Mukund and Ors, appeals against the verdict of the learned Special Judge, who had convicted them under the Narcotic Drugs and Psychotropic Substances Act and sentenced them to life imprisonment."
  },
  {
    "case_title": "Amalendu_Pal_Jhantu_vs_State_Of_West_Bengal_on_11_November_2009_1",
    "year": 2009,
    "court": "Supreme Court of India",
    "summary": "The sentences awarded by the Calcutta High Court in the case of Amalendu Pal @ Jhantu vs State of West Bengal on 11 November, 2009 are as follows: The appellant Amdu Pal @ Jhantu was a resident of Contai in the district of West Bengal. The Supreme Court of India has issued the following directions in the case of abetment of suicide:",
    "facts_of_case": "The sentences awarded by the Calcutta High Court in the case of Amalendu Pal @ Jhantu vs State of West Bengal on 11 November, 2009 are as follows:",
    "issues_raised": "The appellant Amdu Pal @ Jhantu was a resident of Contai in the district of West Bengal.",
    "arguments": "The appellant Amdu Pal @ Jhantu was a resident of Contai in the district of West Bengal.",
    "decision": "The Supreme Court of India has issued the following directions in the case of abetment of suicide:",
    "analysis": "The appellant Amdu Pal @ Jhantu was a resident of Contai in the district of West Bengal. The Supreme Court of India has issued the following directions in the case of abetment of suicide:"
  },
  {
    "case_title": "Md_Ibrahim_Ors_vs_State_Of_Bihar_Anr_on_4_September_2009_1",
    "year": 2009,
    "court": "Supreme Court of India",
    "summary": "All references are copyrighted. The appellant filed an application for discharge holding that there was insufficient material to prosecute the accused for the offences of forgery, cheating, insult, wrongful restraint and causing hurt. Section 467 of the Indian Penal Code (IPC) provides: \"Whoever dishonestly or fraudulently causes any person to sign, seal, execute or alter a document or an electronic record or to affix his digital signature on any electronic record knowing that such person by reason of unsoundness of mind or intoxication cannot, or that by reason of deception practised upon him, he does not know the contents of the document or electronic record.\"",
    "facts_of_case": "All references are copyrighted.",
    "issues_raised": "The appellant filed an application for discharge holding that there was insufficient material to prosecute the accused for the offences of forgery, cheating, insult, wrongful restraint and causing hurt.",
    "arguments": "The appellant filed an application for discharge holding that there was insufficient material to prosecute the accused for the offences of forgery, cheating, insult, wrongful restraint and causing hurt.",
    "decision": "Section 467 of the Indian Penal Code (IPC) provides: \"Whoever dishonestly or fraudulently causes any person to sign, seal, execute or alter a document or an electronic record or to affix his digital signature on any electronic record knowing that such person by reason of unsoundness of mind or intoxication cannot, or that by reason of deception practised upon him, he does not know the contents of ",
    "analysis": "The appellant filed an application for discharge holding that there was insufficient material to prosecute the accused for the offences of forgery, cheating, insult, wrongful restraint and causing hurt. Section 467 of the Indian Penal Code (IPC) provides: \"Whoever dishonestly or fraudulently causes any person to sign, seal, execute or alter a document or an electronic record or to affix his digital signature on any electronic record knowing that such person by reason of unsoundness of mind or intoxication cannot, or that by reason of deception practised upon him, he does not know the contents of the document or electronic record.\""
  }
]